time_s,vx_mps,vy_mps,dpsi_radps,ax_mps2,ay_mps2,deltawheel_rad,TwheelRL_Nm,TwheelRR_Nm,pBrakeF_bar,pBrakeR_bar,beta_true_rad,yaw_acc_rps2,fyf_true_n,fyr_true_n
0.0,16.666666666666668,-0.0,0.0,0.0010081682241324223,1.2940107239157769e-17,0.0,0.0,0.0,0.0,0.0,-0.0,2.869163304912862e-17,1.1550636707740009e-14,9.80054023687031e-15
0.025,16.663378609551323,-2.864162559244709e-19,5.199820555237514e-18,-0.07042034495960582,3.251133944060267e-16,0.0,0.0,0.0,0.0,0.0,-1.7188366335282045e-20,1.7290695310538844e-16,2.9020367746570743e-13,2.462334233042366e-13
0.05,16.659573449028862,-1.7652960254622886e-18,1.0373421624776756e-17,-0.09733812274354876,2.671181049826031e-16,0.0,0.0,0.0,0.0,0.0,-1.0596285858478526e-19,-9.954574294588401e-15,2.3843575108693013e-13,2.0230912213436494e-13
0.075,16.655060450236004,-7.445843306656841e-18,6.803251780879973e-19,-0.13219303015506628,-2.3998764100553685e-16,0.0,0.0,0.0,0.0,0.0,-4.470619202436658e-19,-1.0242047959524091e-14,-2.142184762746145e-13,-1.8176113138452133e-13
0.1,16.649708218044704,-2.2299068778755522e-17,-1.880979824274104e-17,-0.17117247610381156,-9.383669972088271e-16,0.0,0.0,0.0,0.0,0.0,-1.3393068807408963e-18,-6.22688224361e-16,-8.376079180003384e-13,-7.106976273942265e-13
0.125,16.643462710910374,-2.9761772783564893e-17,-2.0102468689628054e-17,-0.2110084210020123,2.1198295366186492e-16,0.0,0.0,0.0,0.0,0.0,-1.7881959602105522e-18,-5.04467454747891e-15,1.892208496211237e-13,1.605510239209534e-13
0.15,16.63633876376682,-4.687586117314748e-18,-1.809875557938417e-17,-0.2487936123934659,1.5306977996299942e-16,0.0,0.0,0.0,0.0,0.0,-2.8176789279646643e-19,5.249151689077887e-15,1.3663359867189047e-13,1.1593153826705855e-13
0.175,16.628411610921223,1.1309531339816042e-17,7.929577437484509e-18,-0.282119140625,5.198866056151809e-16,0.0,0.0,0.0,0.0,0.0,6.801329919201759e-19,5.177366917347506e-15,4.64062715995846e-13,3.9375018326920257e-13
0.1999999999999999,16.619802051120335,8.759379465793533e-18,1.6518205768221868e-17,-0.30917071718158146,2.455152774341559e-16,0.0,0.0,0.0,0.0,0.0,5.270447529309212e-19,2.112910319687153e-16,2.1915257141458672e-13,1.8594763635177052e-13
0.2249999999999999,16.61066903008355,1.4834987977771021e-18,4.245206843601438e-17,-0.32876819957386366,3.025690281944688e-16,0.0,0.0,0.0,0.0,0.0,8.930999679123944e-20,-1.91634258646118e-14,2.700800587735873e-13,2.2915883774728615e-13
0.2499999999999999,16.601185268825954,-1.150628107373202e-18,2.944604856765481e-17,-0.34035448478929925,1.4641323423501982e-16,0.0,0.0,0.0,0.0,0.0,-6.930999737313184e-20,5.087151555717819e-15,1.3069181318191523e-13,1.1089002330586745e-13
0.2749999999999999,16.591533025105793,-1.4699323923685338e-17,3.2502327533302304e-17,-0.3439422977331913,-1.5043985628330376e-15,0.0,0.0,0.0,0.0,0.0,-8.859533294146343e-19,-1.0237019971949188e-14,-1.3428606843648998e-12,-1.139396944309612e-12
0.3,16.58188819885254,-6.00001082143504e-17,5.331231209427572e-18,-0.34002827962239585,-1.1829453241852945e-15,0.0,0.0,0.0,0.0,0.0,-3.61841229990336e-18,1.4737253504668556e-14,-1.0559241459326113e-12,-8.959356389731246e-13
0.325,16.57241079542372,-9.031654971493144e-17,2.5392077839914413e-18,-0.32948817397608904,-5.437714411704381e-16,0.0,0.0,0.0,0.0,0.0,-5.4498135986269006e-18,5.375528369533518e-16,-4.853828683890223e-13,-4.118400095422007e-13
0.35,16.56323750813802,-1.1337514676120796e-16,8.92335480231341e-18,-0.31346162738222066,-1.021116497944852e-15,0.0,0.0,0.0,0.0,0.0,-6.8449870809075416e-18,-1.7621373002679983e-16,-9.114720215261834e-13,-7.733702000828222e-13
0.375,16.554477479722763,-9.866324325858484e-17,1.3331832805082352e-17,-0.2932347060694839,2.1114569858502106e-15,0.0,0.0,0.0,0.0,0.0,-5.9599128622111694e-18,1.6991012530899409e-18,1.8847349652384257e-12,1.5991690614144216e-12
0.4000000000000001,16.54621018303765,-6.185061050630503e-17,3.67380666450768e-18,-0.2701363118489583,2.0421865626023267e-15,0.0,0.0,0.0,0.0,0.0,-3.738052993531485e-18,7.458253214307388e-16,1.8229025956343723e-12,1.546705232659467e-12
0.4250000000000001,16.53848648071289,-3.1095009627623887e-17,3.145084641822396e-17,-0.2454403594045928,-1.8398797774945663e-16,0.0,0.0,0.0,0.0,0.0,-1.880160537295039e-18,-2.0384259533687103e-14,-1.6423189161406416e-13,-1.3934827167253926e-13
0.4500000000000001,16.53132650587294,-6.177543633223621e-17,-1.8470355830262e-17,-0.22029313520951704,-1.2738708934936246e-16,0.0,0.0,0.0,0.0,0.0,-3.736871104099831e-18,-7.440855686966375e-16,-1.1370863959135715e-13,-9.64800578350909e-14
0.4750000000000001,16.524732377794052,-4.3463495749451184e-17,-2.735929091656484e-17,-0.19565970680930397,-1.4719241851971007e-16,0.0,0.0,0.0,0.0,0.0,-2.630208753508012e-18,-5.183260360836265e-16,-1.3138733095734776e-13,-1.1148015960017383e-13
0.5000000000000001,16.518680784437393,-1.4871516273621358e-17,-4.09305122366808e-17,-0.17229395086115057,5.085413192647147e-16,0.0,0.0,0.0,0.0,0.0,-9.002847423283424e-19,-1.022900449916932e-14,4.539356530157987e-13,3.8515752377098064e-13
0.5250000000000001,16.513138877020943,-1.6936477087544766e-17,-5.9884640076736e-17,-0.15073073416045218,-1.497581040809538e-15,0.0,0.0,0.0,0.0,0.0,-1.025636447054468e-18,9.64321684163898e-15,-1.3367752077390056e-12,-1.1342335095967319e-12
0.5500000000000002,16.508058971828884,5.0122908117798076e-18,-4.206132907858004e-17,-0.13129798657966382,9.715561621261506e-16,0.0,0.0,0.0,0.0,0.0,3.036269024924927e-19,5.631516761028582e-15,8.672333283240804e-13,7.358343391840681e-13
0.5750000000000002,16.5033933851454,3.9629230530680486e-17,-5.3776391539714454e-17,-0.11414584997928504,2.1698986930697002e-16,0.0,0.0,0.0,0.0,0.0,2.4012777012484297e-18,9.811049643873842e-15,1.936901374387626e-13,1.6434314691773794e-13
0.6000000000000002,16.49909019470215,5.851909831112752e-17,-3.388082736544794e-17,-0.09928923173384233,3.4224260817912743e-16,0.0,0.0,0.0,0.0,0.0,3.546807588815896e-18,4.465722869349386e-16,3.054936068090736e-13,2.5920669668648665e-13
0.6250000000000002,16.495096418592667,-3.352011693399012e-06,-2.3959108469227822e-06,-0.0866618300929214,-0.0006839196415967,-4.076144898907412e-05,0.0,0.0,0.0,0.0,-2.0321261593965268e-07,-0.0004667031171265,-0.6104823686055789,-0.517985040028976
0.6500000000000002,16.491363313462998,-7.177028035382844e-05,-5.348475229906045e-05,-0.0761881718491063,-0.0065736772841773,-0.0002192032548859,0.0,0.0,0.0,0.0,-4.351991948127029e-06,-0.0043917833827435,-5.867815215138591,-4.9787523037539545
0.6750000000000003,16.487843195597332,-0.0003299562053547,-0.000264441623309,-0.06786419608376243,-0.0204117505811154,-0.0005768955677937,0.0,0.0,0.0,0.0,-2.0012090207335705e-05,-0.0136650931090116,-18.21999703511039,-15.459391423730025
0.7000000000000003,16.484485202365452,-0.0009533687261864,-0.000818115219624,-0.06187815926291726,-0.0486865425482392,-0.0012596441817441,0.0,0.0,0.0,0.0,-5.783430386103872e-05,-0.0324144288897514,-43.4587252746168,-36.874069929977885
0.7250000000000003,16.48122787475586,-0.0021510247865484,-0.0019744769948604,-0.05890658291903409,-0.0943905036896467,-0.0022829136362623,0.0,0.0,0.0,0.0,-0.0001305136245244873,-0.0622133500874042,-84.25512993280759,-71.48920115510947
0.7500000000000003,16.477997038099502,-0.0041256462120347,-0.0040490870261876,-0.05819927677963719,-0.1634208876639604,-0.0038021322803565,0.0,0.0,0.0,0.0,-0.00025037304003002375,-0.1059205457568168,-145.8732349721745,-123.77122967336015
0.7750000000000004,16.474794811672634,-0.0070144060171312,-0.0073715445929606,-0.05493219664602569,-0.2562415357679128,-0.0058146187477339,0.0,0.0,0.0,0.0,-0.0004257659107330059,-0.1621961891651153,-228.7270757797189,-194.07145823733723
0.8000000000000004,16.471664640638565,-0.0109257331738869,-0.0122885836463578,-0.04925440528176048,-0.3799457579851151,-0.008457025126439,0.0,0.0,0.0,0.0,-0.0006633047364825014,-0.2332902997732162,-339.1483036440905,-287.76219703134944
0.8250000000000004,16.46866692437066,-0.0158857243756453,-0.019130855141287,-0.03754094326134884,-0.5337950371205807,-0.0117530596619201,0.0,0.0,0.0,0.0,-0.0009646029304373927,-0.3162973523139953,-476.47770116746926,-404.28411008148896
0.8500000000000004,16.4659489525689,-0.0218468614750438,-0.0281880870775107,-0.016578015287717185,-0.7209707215428353,-0.0158569162604008,0.0,0.0,0.0,0.0,-0.0013267903075598571,-0.410205215215683,-643.5550129181538,-546.0466776275243
0.8750000000000004,16.463678148057724,-0.0286464496619171,-0.0396709261345787,0.014352564016977947,-0.9369212687015536,-0.0207459562320954,0.0,0.0,0.0,0.0,-0.0017399787219052637,-0.5089538097381592,-836.3174275540918,-709.6026658034717
0.9000000000000005,16.462012396918404,-0.0359085616138246,-0.0536117546868704,0.05448022784608783,-1.173667633533478,-0.0266085163007143,0.0,0.0,0.0,0.0,-0.0021812984189312407,-0.604854166507721,-1047.6426663261948,-888.9089290040439
0.9250000000000004,16.46106931898329,-0.0429951647917429,-0.0697749994912117,0.10195346716678504,-1.4156645566225052,-0.0333077552391602,0.0,0.0,0.0,0.0,-0.002611930243326287,-0.6833930015563965,-1263.6546739032035,-1072.19184452393
0.9500000000000004,16.46092414855957,-0.0489711554514037,-0.0874696784356463,0.15407334761186078,-1.6415042757987977,-0.0409114848269864,0.0,0.0,0.0,0.0,-0.002974994296154932,-0.7247377634048462,-1465.2443904466318,-1243.2376646213843
0.9750000000000004,16.46160231696235,-0.0528042556511031,-0.10562484706088,0.20807820175633285,-1.8348435431718828,-0.0494258459391597,0.0,0.0,0.0,0.0,-0.0032077227134015133,-0.7202762365341187,-1637.8234577985088,-1389.668388435098
1.0000000000000004,16.463083691067165,-0.0536572767628563,-0.1230819595525118,0.26052451393821024,-1.9935673862695693,-0.0591860775017587,0.0,0.0,0.0,0.0,-0.0032592482532279557,-0.6691716909408569,-1779.5040029898043,-1509.8821843549852
1.0250000000000004,16.465282440185547,-0.0511692009038395,-0.1388354811843337,0.3102586179791075,-2.116671547293663,-0.0703664792469399,0.0,0.0,0.0,0.0,-0.003107702591177833,-0.5863673090934753,-1889.389602461311,-1603.118450573233
1.0500000000000005,16.468080944485134,-0.0454270011848873,-0.1522220934302123,0.35430697354403407,-2.2136263072490694,-0.0832447481361821,0.0,0.0,0.0,0.0,-0.0027584878491928953,-0.4843417406082153,-1975.9336463887187,-1676.549760572246
1.0750000000000002,16.47130012512207,-0.0368161044187015,-0.1629837775924112,0.39325515284682766,-2.289438059926033,-0.0978818435107183,0.0,0.0,0.0,0.0,-0.0022351668744442026,-0.3767732977867126,-2043.604956770041,-1733.9678421079134
1.1,16.474816004435223,-0.0259944920738538,-0.1712044898242951,0.42815993800307767,-2.352159851789475,-0.1143439823743397,0.0,0.0,0.0,0.0,-0.001577832011407943,-0.2818840146064758,-2099.591867703884,-1781.4718877487496
1.125,16.478445265028213,-0.013702188928922,-0.1772011962298537,0.4571048251065341,-2.402998632192612,-0.1325500048928263,0.0,0.0,0.0,0.0,-0.0008315219493432314,-0.2010846585035324,-2144.9717298834053,-1819.976013234404
1.15,16.482019424438477,-0.0004817427058393,-0.1813392325763757,0.4825215010209517,-2.4481004238128663,-0.152373527427697,0.0,0.0,0.0,0.0,-2.9228378721906065e-05,-0.1349665373563766,-2185.2306242067307,-1854.1350750844986
1.1749999999999998,16.485379536946613,0.0129435770213603,-0.184196421596624,0.5054107758493135,-2.500621193647385,-0.1736024916159649,0.0,0.0,0.0,0.0,0.0007851549303036357,-0.094421200454235,-2232.11186875574,-1893.9131007624455
1.1999999999999995,16.488364537556965,0.0261831614706251,-0.186136867345883,0.5246344271573153,-2.540923225879669,-0.1960686439333859,0.0,0.0,0.0,0.0,0.0015879780806025646,-0.0630353316664695,-2268.0863876909507,-1924.4369350105032
1.2249999999999996,16.490882237752277,0.0392177783780627,-0.187387238122432,0.5421489923650569,-2.5728202760219574,-0.2195795793135803,0.0,0.0,0.0,0.0,0.0023781491986088017,-0.037499226629734,-2296.558426711403,-1948.5950287248265
1.2499999999999996,16.49287329779731,0.0519539250267876,-0.1880619166950899,0.5586536291873816,-2.5961298048496246,-0.2439375414008527,0.0,0.0,0.0,0.0,0.0031500833171213567,-0.0178986731916666,-2317.3650471157716,-1966.249130886109
1.2749999999999997,16.49430380927192,0.0643947099645932,-0.1883069774496477,0.5749815784801137,-2.613898903131485,-0.2689355609666121,0.0,0.0,0.0,0.0,0.0039040574679117465,-0.0019856330472975,-2333.2261520575307,-1979.7070381094195
1.2999999999999994,16.49516847398546,0.0764605651299158,-0.1881775145311562,0.5919999093720407,-2.6282108545303347,-0.2943592951549991,0.0,0.0,0.0,0.0,0.0046353309607296105,0.0117404907941818,-2346.0013283471594,-1990.5465816278925
1.3249999999999993,16.495483186509873,0.0881277024745941,-0.1877550373137288,0.6101940363103693,-2.6373673141002656,-0.3199887086033242,0.0,0.0,0.0,0.0,0.005342535376391132,0.0218361746519804,-2354.174594307532,-1997.4814739579058
1.3499999999999992,16.495282914903427,0.0993631035089492,-0.187092625926842,0.6300364268909802,-2.6450447678565983,-0.3455932880744843,0.0,0.0,0.0,0.0,0.006023728360498443,0.0310243740677833,-2361.027665734292,-2003.2962012290957
1.3749999999999991,16.49462064107259,0.110107883810997,-0.1862152641504722,0.6517435894590435,-2.650648868083954,-0.3709423871733218,0.0,0.0,0.0,0.0,0.0066753813990011865,0.0387867577373981,-2366.030014215923,-2007.540618122601
1.399999999999999,16.493559943305122,0.1203380773464838,-0.1851648634822745,0.6755983664772728,-2.653872656822205,-0.3957966875863793,0.0,0.0,0.0,0.0,0.007296064510035025,0.0448706783354282,-2368.9076420322795,-2009.9822417243581
1.424999999999999,16.49218135409885,0.1300419867038726,-0.1839794571915666,0.7016417717211174,-2.65552836060524,-0.4199161219861432,0.0,0.0,0.0,0.0,0.007885068925194234,0.049863439053297,-2370.3855612287757,-2011.23623376987
1.4499999999999988,16.490568584865994,0.139191812939114,-0.1826767386548407,0.7298047984730114,-2.656254428625107,-0.4430694947004808,0.0,0.0,0.0,0.0,0.008440692158234949,0.0542113631963729,-2371.0336662071654,-2011.786141024261
1.4749999999999988,16.488813824123806,0.1477750307983822,-0.1812810092170438,0.7599041378136837,-2.6553715229034425,-0.4650384265200056,0.0,0.0,0.0,0.0,0.008962138354802775,0.0573583208024501,-2370.2455642965974,-2011.1174484940823
1.499999999999999,16.487010320027668,0.1557859943972693,-0.1798136906801942,0.7916784483013731,-2.6537651777267457,-0.4855713985245165,0.0,0.0,0.0,0.0,0.009449014185915053,0.0599232353270053,-2368.8117037249394,-2009.9008395241908
1.5249999999999986,16.48525555928548,0.1632185942596859,-0.1782926928026227,0.8247689541903409,-2.6510449051856995,-0.5044564563807569,0.0,0.0,0.0,0.0,0.0099008834696379,0.0615141503512859,-2366.3835260223173,-2007.8405675340869
1.5499999999999985,16.483640670776367,0.1700853473610348,-0.1767446471952301,0.8587152284564394,-2.647507733106613,-0.521459208623286,0.0,0.0,0.0,0.0,0.010318433333879749,0.0622286722064018,-2363.2261650435257,-2005.161594582385
1.5749999999999984,16.482255723741318,0.1763951116138034,-0.1751885122360264,0.8931034897312974,-2.643270486593247,-0.5363514057019274,0.0,0.0,0.0,0.0,0.010702122001403054,0.0620593912899494,-2359.443901557415,-2001.9524013214427
1.5999999999999983,16.481185489230686,0.1821680532561408,-0.1736473242684407,0.9274389833392519,-2.6386103332042694,-0.5489352912609857,0.0,0.0,0.0,0.0,0.011053091622272864,0.0611318796873092,-2355.2841416880733,-1998.422908098971
1.6249999999999982,16.480511559380425,0.1874199344052208,-0.1721369124562023,0.9612552527225379,-2.6338792085647587,-0.5590092972954557,0.0,0.0,0.0,0.0,0.011372215827763222,0.0596033744513988,-2351.061031251658,-1994.8396628801943
1.649999999999998,16.480309168497723,0.1921691828303867,-0.1706720240538474,0.9941027277166193,-2.6291904330253604,-0.5663761501475897,0.0,0.0,0.0,0.0,0.011660532631130491,0.0574877075850963,-2346.8757225939485,-1991.2884918978955
1.674999999999998,16.4806514316135,0.1964383986261156,-0.1692676892767781,1.025807254675663,-2.624611181020737,-0.5708576676957046,0.0,0.0,0.0,0.0,0.011919334587060298,0.054757684469223,-2342.7881771570346,-1987.8202715271807
1.699999999999998,16.481610404120552,0.200255380736457,-0.1679393378145602,1.0561238791725853,-2.620129770040512,-0.5722888171759996,0.0,0.0,0.0,0.0,0.01215023142922923,0.0513655357062816,-2338.787966864031,-1984.426153702814
1.724999999999998,16.483261320326065,0.2036592364311218,-0.1667058781109332,1.0847033506451231,-2.615562784671784,-0.5705155014298998,0.0,0.0,0.0,0.0,0.01235551827234473,0.0471812225878238,-2334.7113709078467,-1980.967223800597
1.7499999999999978,16.485668818155926,0.2066948182053036,-0.1655835554485466,1.111136641068892,-2.611299252510071,-0.5653968225909834,0.0,0.0,0.0,0.0,0.012537848508619035,0.042557056993246,-2330.9056442487436,-1977.738122392873
1.7749999999999977,16.488895416259766,0.209401829375161,-0.164579427204289,1.1350676565459281,-2.607611083984376,-0.5568041999128701,0.0,0.0,0.0,0.0,0.012699566835063373,0.0377588123083114,-2327.6135003762174,-1974.9447881980022
1.7999999999999976,16.49300151401096,0.2118182347880469,-0.1636957071308167,1.1562164121685605,-2.604607510566712,-0.5446295589895729,0.0,0.0,0.0,0.0,0.012842916106453111,0.032951071858406,-2324.932441809139,-1972.6699506259358
1.8249999999999973,16.49804009331597,0.2139799793561299,-0.1629303812125551,1.174304365678267,-2.602380532026291,-0.5287937706472028,0.0,0.0,0.0,0.0,0.012970024205652277,0.0283259693533182,-2322.9445896529764,-1970.9832881904038
1.8499999999999972,16.504064136081272,0.2159186369842953,-0.1622758095061273,1.1890166126598012,-2.601028281450272,-0.509216191039001,0.0,0.0,0.0,0.0,0.013082755568808828,0.0241342317312955,-2321.7375397535625,-1969.959124639386
1.8749999999999971,16.51111814710829,0.2176610628763834,-0.1617186262718123,1.2000534150094697,-2.600520092248917,-0.4858463199727968,0.0,0.0,0.0,0.0,0.013182696710004702,0.020568449050188,-2321.283918409074,-1969.5742338016382
1.8999999999999968,16.519240273369682,0.2192255192332797,-0.1612377925369985,1.206947187943892,-2.601122033596039,-0.4586761846100767,0.0,0.0,0.0,0.0,0.013270920187939184,0.0181386861950159,-2321.821225070563,-1970.0301303629014
1.9249999999999967,16.5284358130561,0.2206219401624467,-0.1607981878648104,1.2089968779592803,-2.6031048476696017,-0.4281079722097133,0.0,0.0,0.0,0.0,0.013348022925930693,0.0172740407288074,-2323.591130419833,-1971.5318682350094
1.949999999999997,16.538659201727974,0.2218222783671485,-0.1603598149046266,1.206352742513021,-2.606802070140839,-0.397070860365171,0.0,0.0,0.0,0.0,0.013412349553945237,0.0181156378239393,-2326.891356051946,-1974.3320596804388
1.974999999999997,16.549814012315537,0.2227663331561618,-0.1598752028100162,1.1978925855232008,-2.612004292011261,-0.3660880437173526,0.0,0.0,0.0,0.0,0.013460352665618498,0.0210140570998191,-2331.5349786887405,-1978.2721031298402
1.999999999999997,16.561756134033203,0.2233941356341044,-0.1592909219116097,1.1829179613517993,-2.618370968103409,-0.3351728547164654,0.0,0.0,0.0,0.0,0.013488553618721973,0.0260781571269035,-2337.2180198890264,-1983.0940774815979
2.024999999999997,16.5743350982666,0.2236339284314049,-0.158556405438209,1.1611064934008049,-2.625400334596634,-0.3043334825828615,0.0,0.0,0.0,0.0,0.013492784302086017,0.0329962633550167,-2343.4925937506023,-1988.417958333844
2.0499999999999967,16.58739619784885,0.2234006093608008,-0.1576273783366917,1.1326362933534564,-2.632989001274109,-0.2735748125526653,0.0,0.0,0.0,0.0,0.01346809388864617,0.0415412597358226,-2350.2664117930367,-1994.165440309243
2.0749999999999966,16.600800620185005,0.2225992911391788,-0.1564708340542975,1.0983688816879735,-2.6406892359256746,-0.2428975520280416,0.0,0.0,0.0,0.0,0.013408949136375935,0.0511103682219982,-2357.139817969721,-1999.9974213076418
2.0999999999999965,16.614423327975803,0.2211337288220723,-0.1550676311206916,1.0587195379083807,-2.6480868935585025,-0.2123004276850939,0.0,0.0,0.0,0.0,0.013309744458582653,0.0611721985042095,-2363.7431369550895,-2005.600237416439
2.1249999999999964,16.62814564175076,0.218916783730189,-0.1534167874952219,1.0140286532315341,-2.654721975326538,-0.1817781548135344,0.0,0.0,0.0,0.0,0.013165435788613858,0.0708322897553443,-2369.6657632218034,-2010.6254960669844
2.1499999999999964,16.64185947842068,0.215858734316296,-0.1515363793837874,0.9646375991358902,-2.661001032590866,-0.1513225358706324,0.0,0.0,0.0,0.0,0.012970830248638843,0.079382374882698,-2375.2705938454537,-2015.3811099294753
2.1749999999999963,16.655477947658962,0.211809194750256,-0.1495054360917361,0.9149192116477273,-2.6811519026756288,-0.1208946179642565,0.0,0.0,0.0,0.0,0.012717088961114273,0.0771847665309906,-2393.2577229620983,-2030.642916452689
2.199999999999996,16.668934292263454,0.206095278263092,-0.1478324050054347,0.860491943359375,-2.728887224197388,-0.0904259162424995,0.0,0.0,0.0,0.0,0.012364034475722117,0.0553347468376159,-2435.8673665171773,-2066.7965534085133
2.224999999999996,16.6820494333903,0.198586814933353,-0.1467765448570024,0.790989287405303,-2.778354477882385,-0.0599369079174307,0.0,0.0,0.0,0.0,0.01190422170407117,0.0303344409912824,-2480.0229724704245,-2104.261916035511
2.249999999999996,16.69463899400499,0.1900495919916364,-0.1461270165118889,0.7230704752604167,-2.767514276504517,-0.0293973297002721,0.0,0.0,0.0,0.0,0.011383869520022735,0.0397456586360931,-2470.346759929032,-2096.0517963034204
2.274999999999996,16.706747478908962,0.185634841521581,-0.1421045280671627,0.6365502652254972,-2.2680286914110184,0.0014157156295401,0.0,0.0,0.0,0.0,0.011111369328825452,0.3880359828472137,-2024.4944630709829,-1717.7528777571974
2.299999999999996,16.717017491658527,0.2012247178289625,-0.1215386826679462,0.5111333581173059,-0.8944622799754144,0.0276464001117886,0.0,0.0,0.0,0.0,0.012037118339402934,1.2926621437072754,-798.4175597485462,-677.4452022108876
2.324999999999996,16.723659303453232,0.2364205982949998,-0.0791796075021227,0.41049559622099907,0.1450417889282107,0.0566542373011502,0.0,0.0,0.0,0.0,0.014136893965914615,1.9946951866149905,129.4676296252635,109.85132210628416
2.349999999999996,16.72679265340169,0.2652434011300404,-0.0278632500841429,0.32478614575935133,0.2815661516040564,0.0875050735110091,0.0,0.0,0.0,0.0,0.015857397567255575,2.041116714477539,251.33240909575198,213.25174105094106
2.374999999999996,16.727429495917427,0.2735008299350738,0.021761735806122,0.2564731297348485,0.2939206801354885,0.1179085818815188,0.0,0.0,0.0,0.0,0.016350439856992114,1.9237101078033447,262.3603448094648,222.60877741409126
2.3999999999999955,16.726056204901802,0.2629243665271335,0.0680120700733633,0.19708715959028764,0.3799062564969063,0.1482706780970777,0.0,0.0,0.0,0.0,0.0157194477470475,1.770809769630432,339.11304370912376,287.7322795107716
2.4249999999999954,16.72283278571235,0.2373678154415554,0.1101334872402216,0.15315479972145774,0.5850476704537869,0.1786206278013523,0.0,0.0,0.0,0.0,0.014194234821528425,1.594473361968994,522.2269779706344,443.101678278114
2.4499999999999957,16.717844009399414,0.201789637406667,0.147204614712719,0.12403260765653668,0.8983305782079697,0.2090323378757816,0.0,0.0,0.0,0.0,0.01207031464662627,1.358404278755188,801.8704915315402,680.3749625116097
2.474999999999995,16.71124988132053,0.1608524223168691,0.1775448438790148,0.10927211645877723,1.2782220125198365,0.2395261648579478,0.0,0.0,0.0,0.0,0.009625397469321935,1.0616954565048218,1140.9703046181164,968.0960160396137
2.499999999999995,16.703245374891495,0.1186298744546042,0.2001893530880655,0.10840586575594816,1.6699560075998308,0.270110239711554,0.0,0.0,0.0,0.0,0.007102205097994307,0.7518126964569092,1490.6410592427997,1264.7863532969209
2.524999999999995,16.694035000271267,0.0778484510050879,0.2154685241178522,0.1188249229662346,2.0120218098163605,0.3007928432031148,0.0,0.0,0.0,0.0,0.004663249538162758,0.4804880321025848,1795.976844991817,1523.8591412051778
2.549999999999995,16.683823267618816,0.0395041580001513,0.2248169685580869,0.1391564652414033,2.2642257422208787,0.3315716783561899,0.0,0.0,0.0,0.0,0.0023678120636067787,0.2806836068630218,2021.0998633430631,1714.8726113213866
2.574999999999995,16.6728327009413,0.00343669205904,0.2300341177783089,0.16860351678096888,2.433993208408356,0.3624441402663381,0.0,0.0,0.0,0.0,0.00020612526501546282,0.1459522545337677,2172.638199964508,1843.4505939092792
2.5999999999999948,16.661265691121418,-0.0307100783619615,0.2325134375293887,0.20617356155857897,2.5436864316463472,0.393401540370503,0.0,0.0,0.0,0.0,-0.0018432020070555937,0.0579971559345722,2270.5528885761246,1926.5297236403478
2.6249999999999947,16.64931191338433,-0.0631510797474119,0.2331503158593243,0.25110136552290485,2.617688709497452,0.4244312785877772,0.0,0.0,0.0,0.0,-0.0037930143945855764,-0.0028113313019275,2336.6090201989555,1982.5773504718406
2.6499999999999946,16.637147267659504,-0.0939671529663933,0.2325064966657976,0.30262168710882015,2.668108379840851,0.4555453724325796,0.0,0.0,0.0,0.0,-0.005648032769960116,-0.0454880520701408,2381.614775120235,2020.764051617169
2.6749999999999945,16.624934938218857,-0.1232175280650456,0.2309640270519374,0.3598692691687382,2.700482076406479,0.4867432393384218,0.0,0.0,0.0,0.0,-0.007411609640756088,-0.07547277957201,2410.512279677587,2045.2831463931034
2.6999999999999944,16.612831751505535,-0.1509924895233578,0.2287922358277346,0.4219431674841678,2.7179077088832857,0.518031720300354,0.0,0.0,0.0,0.0,-0.009088907404944623,-0.0964580252766609,2426.066799158933,2058.480920498488
2.7249999999999943,16.60098711649577,-0.1774157252576616,0.2261835530267043,0.4878555714000355,2.722995734214783,0.5493753952758781,0.0,0.0,0.0,0.0,-0.010687058788291593,-0.11105328053236,2430.608487344179,2062.3344741102123
2.7499999999999942,16.589535607231987,-0.2026180757416619,0.2232797753321364,0.5569112419359612,2.718209993839264,0.5807844675009205,0.0,0.0,0.0,0.0,-0.012213607453443921,-0.1207235231995582,2426.336625648327,2058.7098641864586
2.774999999999994,16.578587426079643,-0.2267065478695763,0.2201816368122631,0.6282928651751893,2.7063323855400085,0.6122498822277748,0.0,0.0,0.0,0.0,-0.013674660092749884,-0.1266454011201858,2415.734399879565,2049.714036261449
2.799999999999994,16.568228403727215,-0.2497539255354139,0.2169695149977345,0.7014721402254972,2.691466975212097,0.6437337060556643,0.0,0.0,0.0,0.0,-0.015074268621214134,-0.1298722475767135,2402.4651934475196,2038.4553156524405
2.824999999999994,16.55850092569987,-0.2717812856038411,0.2137120528656473,0.7756783132842093,2.675615561008453,0.6752398338576832,0.0,0.0,0.0,0.0,-0.01641339918531024,-0.1303484439849853,2388.315857326398,2026.4498183375497
2.849999999999994,16.549416648017036,-0.292791293727027,0.2104669078536016,0.8499880704012784,2.6605611860752107,0.7067354754629099,0.0,0.0,0.0,0.0,-0.017691940444445182,-0.1290666162967682,2374.8779767507413,2015.047980273356
2.874999999999994,16.540955437554253,-0.3127869632509019,0.2072763576439026,0.9234753048058713,2.645706582069397,0.738228686933642,0.0,0.0,0.0,0.0,-0.018909848613747948,-0.12591153383255,2361.6184162898144,2003.7974441246906
2.8999999999999937,16.533629099527996,-0.3312684430016411,0.2040742892624891,0.9771723891749526,2.634497505426407,0.7397514491554357,0.0,0.0,0.0,0.0,-0.020036039335798225,-0.1256704628467559,2351.6129372207847,1995.3079467327866
2.9249999999999936,16.52738359239366,-0.3491369883219401,0.2010280490943587,1.0358494059244792,2.6257034957408907,0.7397078398925856,0.0,0.0,0.0,0.0,-0.02112475857840089,-0.1173596456646919,2343.7632023457622,1988.647565626707
2.949999999999993,16.522477467854817,-0.3659560283025105,0.198229283170524,1.0955050566702178,2.6187670052051546,0.7396999835673699,0.0,0.0,0.0,0.0,-0.022148980321776413,-0.1061390340328216,2337.5715316954206,1983.394026893084
2.974999999999993,16.51885880364312,-0.3818284802966648,0.1957371136671847,1.1533035925662878,2.611796051263809,0.7396971539587116,0.0,0.0,0.0,0.0,-0.023114700890382037,-0.0930197015404701,2331.3490982182693,1978.1143863670159
2.9999999999999933,16.516461902194553,-0.3969138198428684,0.1935876264171113,1.2083182594992898,2.603551119565964,0.7396974202748207,0.0,0.0,0.0,0.0,-0.02403140710118613,-0.0788386091589927,2323.989482956832,1971.8698643270088
3.024999999999993,16.515223185221355,-0.4113989075024922,0.1917961013070582,1.2602009166370738,2.593901365995407,0.7396996506722336,0.0,0.0,0.0,0.0,-0.024910284462315496,-0.0645085647702217,2315.375891449999,1964.561362442423
3.049999999999993,16.51508225335015,-0.4254746105935838,0.1903622720209163,1.3087525893702652,2.582570791244507,0.7397045775202502,0.0,0.0,0.0,0.0,-0.025762790888145568,-0.0501950979232788,2305.2619603813673,1955.979845172069
3.074999999999993,16.515973409016926,-0.4393322269121806,0.1892834920423525,1.3537930205374054,2.5700234830379487,0.7397097373948622,0.0,0.0,0.0,0.0,-0.026600444069032367,-0.0361565947532653,2294.0619451051853,1946.4768019074297
3.099999999999993,16.517820358276367,-0.4531444112459818,0.1885504569523082,1.3950512325402462,2.556852912902832,0.739715995823424,0.0,0.0,0.0,0.0,-0.02743366869339578,-0.0225624106824398,2282.3055919272,1936.5017143624725
3.124999999999993,16.520535151163738,-0.4670669635136922,0.188151898250421,1.4322201260653409,2.543539524078369,0.7397209226714406,0.0,0.0,0.0,0.0,-0.028271902770703593,-0.0094524305313825,2270.4217555092987,1926.4184592200106
3.149999999999993,16.524018181694878,-0.48123213979933,0.188070721771444,1.465047607421875,2.53088093996048,0.7397253834662665,0.0,0.0,0.0,0.0,-0.029123191133524264,0.0028136200271546,2259.122412800789,1916.8311381340025
3.1749999999999927,16.52816030714247,-0.4957508047421773,0.1882849564363841,1.4933753181226326,2.51920982003212,0.7397281464958975,0.0,0.0,0.0,0.0,-0.029994312466097257,0.0141305914148688,2248.704503290966,1907.9916997620314
3.1999999999999926,16.53284814622667,-0.5107114712397257,0.1887665225404977,1.5171336410984848,2.509056842327118,0.7397310426835829,0.0,0.0,0.0,0.0,-0.03089071324690577,0.02415506914258,2239.641722372321,1900.3020674674235
3.2249999999999925,16.537964079115127,-0.5261803335613675,0.1894813149770749,1.5362411591500946,2.500568622350693,0.7397324075536416,0.0,0.0,0.0,0.0,-0.031816512059416754,0.0327810756862163,2232.0649424097583,1893.8732844688855
3.2499999999999925,16.543394724527996,-0.5422051747639974,0.1903923657412342,1.550954959753788,2.4938833057880405,0.739733972160782,0.0,0.0,0.0,0.0,-0.03277472270912445,0.0398433357477188,2226.09747541244,1888.8099791378274
3.2749999999999924,16.549029880099827,-0.5588157309426202,0.1914595942585699,1.5613355232007575,2.4890131592750557,0.7397339388712684,0.0,0.0,0.0,0.0,-0.03376728031741576,0.0452625527977943,2221.7502708610946,1885.1214419427467
3.2999999999999923,16.55476146274143,-0.5760222011142306,0.1926402068593156,1.5674364864464962,2.486075592041016,0.7397347378195954,0.0,0.0,0.0,0.0,-0.034794956267454595,0.048915572464466,2219.128130928415,1882.8965959392608
3.324999999999992,16.560485627916123,-0.5938166379928589,0.1938911269128395,1.5695176003196023,2.4849082171916965,0.7397351705832725,0.0,0.0,0.0,0.0,-0.035857441100148546,0.0509206503629684,2218.0861053457033,1882.0124530205962
3.349999999999992,16.566108067830402,-0.6121777825885348,0.1951730727930627,1.5679925722064394,2.4853720128536225,0.7397343716349455,0.0,0.0,0.0,0.0,-0.036953627254027045,0.0514302887022495,2218.500099998029,1882.3637212104484
3.374999999999992,16.57154295179579,-0.6310732497109307,0.1964517563009507,1.5633526796283144,2.487180173397064,0.7397341053188365,0.0,0.0,0.0,0.0,-0.03808174359784306,0.0507097132503986,2220.1141055978715,1883.7331805072845
3.399999999999992,16.576721403333877,-0.6504651572969224,0.1976997968115458,1.556140321673769,2.4900555312633514,0.7397330067648868,0.0,0.0,0.0,0.0,-0.03923967481085266,0.0490187294781208,2222.6807160211392,1885.9109105633906
3.424999999999992,16.58158408270942,-0.6703118483225504,0.1988962385760208,1.546913544625947,2.493710988759995,0.7397316418948282,0.0,0.0,0.0,0.0,-0.040425079110597374,0.0466251671314239,2225.9436612783893,1888.6794701756025
3.449999999999992,16.586089664035374,-0.6905712021721734,0.2000267005244889,1.5361961410984848,2.497874635457993,0.7397299108401196,0.0,0.0,0.0,0.0,-0.04163556426862812,0.0437745787203311,2229.6602278801265,1891.8329206255614
3.474999999999992,16.5902042388916,-0.7112022903230455,0.2010824275148668,1.5245025819720643,2.502304351329804,0.7397285126805473,0.0,0.0,0.0,0.0,-0.04286880861031288,0.0406797118484973,2233.614293932915,1895.1878857612612
3.499999999999992,16.593908733791775,-0.7321671644846598,0.2020592084236806,1.5121915320194128,2.506767946481705,0.7397268149153524,0.0,0.0,0.0,0.0,-0.0441226462210002,0.0375192277133464,2237.5986014086693,1898.5685102861435
3.5249999999999915,16.59719573126899,-0.7534328434202406,0.2029588242399094,1.4999026026870266,2.5110577642917637,0.7397251837291847,0.0,0.0,0.0,0.0,-0.045395189381347054,0.0345484092831611,2241.4277912407633,1901.8175198406473
3.5499999999999914,16.600067350599502,-0.774971710311042,0.2037868509570854,1.4879132265033144,2.515078008174896,0.739723386095449,0.0,0.0,0.0,0.0,-0.04668485337699876,0.0318235047161579,2245.016353198739,1904.8623602898388
3.5749999999999917,16.602533128526474,-0.7967614465289645,0.2045508452948019,1.4765226976799242,2.5187153577804566,0.7397208560924133,0.0,0.0,0.0,0.0,-0.04799035426467356,0.0294465478509664,2248.2631349368176,1907.6172054009357
3.599999999999991,16.60461213853624,-0.818785826365153,0.2052606443043353,1.466013553503788,2.52188482284546,0.7397192249062456,0.0,0.0,0.0,0.0,-0.04931074688970917,0.0274961236864328,2251.0922721956604,1910.0176854993479
3.624999999999991,16.606325573391384,-0.8410348494847616,0.2059276995783729,1.4565865071614583,2.524525946378708,0.7397170277983464,0.0,0.0,0.0,0.0,-0.05064545108234943,0.0260341819375753,2253.449799677388,1912.0180118474802
3.649999999999991,16.60769992404514,-0.8635050058364868,0.2065647277111199,1.4483987334280304,2.526603388786316,0.7397153300331515,0.0,0.0,0.0,0.0,-0.05199425626581064,0.0250912029296159,2255.3041724494246,1913.5914190479964
3.674999999999991,16.608765920003254,-0.8861987458335029,0.2071848447709448,1.4415412671638257,2.528110140562058,0.7397142314792018,0.0,0.0,0.0,0.0,-0.05335729036714181,0.024675702676177,2256.6491336656404,1914.7325982617554
3.699999999999991,16.609552171495224,-0.9091238180796304,0.2078008838653506,1.4360060443300189,2.529078620672226,0.7397126668720614,0.0,0.0,0.0,0.0,-0.05473499879423837,0.0247525125741958,2257.5136212393886,1915.466102869784
3.724999999999991,16.610089408026802,-0.9322924084133573,0.2084247459954585,1.431764951763731,2.529539787769318,0.7397117014761663,0.0,0.0,0.0,0.0,-0.05612807887492937,0.0252931509166955,2257.9252695744162,1915.8153802449588
3.749999999999991,16.610404120551216,-0.9557207425435384,0.2090675997930899,1.4287570282907196,2.529536575078964,0.7397108359488119,0.0,0.0,0.0,0.0,-0.05753747684928829,0.0262628644704818,2257.922401853272,1915.8129470270183
3.774999999999991,16.610523859659832,-0.9794290198220148,0.2097399148102804,1.4269395123106061,2.52909117937088,0.7397096375263214,0.0,0.0,0.0,0.0,-0.058964366692892047,0.0276412777602672,2257.52483142204,1915.4756145399124
3.7999999999999914,16.61047299702962,-1.003440883424547,0.2104516446116041,1.4262551417495266,2.528237479925156,0.7397095376577806,0.0,0.0,0.0,0.0,-0.060410133028962386,0.0294089373201131,2256.7627997036843,1914.8290421728227
3.8249999999999904,16.610273785061306,-1.027783817715115,0.2112123599322284,1.4266563091856062,2.52699066400528,0.7397096375263214,0.0,0.0,0.0,0.0,-0.06187639234697429,0.0315509922802448,2255.649863198156,1913.8847324105561
3.8499999999999903,16.609948476155598,-1.0524886184268527,0.2120311155198597,1.4280866033380681,2.5253749728202823,0.7397093379206988,0.0,0.0,0.0,0.0,-0.06336495383701835,0.0340472497045993,2254.20766016499,1912.661044988476
3.8749999999999902,16.609515084160698,-1.0775894588894317,0.2129166332270679,1.4304902417732008,2.523408806324005,0.7397097373948622,0.0,0.0,0.0,0.0,-0.06487783980623561,0.036881498992443,2252.4526148252803,1911.1719156093284
3.89999999999999,16.608991622924805,-1.1031235588921442,0.2138769524713936,1.4337993829900568,2.52111611366272,0.7397103366061075,0.0,0.0,0.0,0.0,-0.0664172506035551,0.0400294996798038,2250.406104736641,1909.4354828068465
3.92499999999999,16.60839292738173,-1.1291309197743733,0.2149196965514573,1.437941709576231,2.518526977300644,0.7397105363431893,0.0,0.0,0.0,0.0,-0.06798556155983106,0.0434648469090461,2248.0949821970503,1907.4745303490122
3.94999999999999,16.60773277282715,-1.1556539270612929,0.216051889554634,1.4428444972182766,2.515651619434357,0.7397114351600572,0.0,0.0,0.0,0.0,-0.06958529155479451,0.0471768006682395,2245.5283717737825,1905.296800292906
3.97499999999999,16.607019636366104,-1.1827376153733995,0.2172799730018105,1.4484301017992425,2.5125230431556704,0.7397129997671976,0.0,0.0,0.0,0.0,-0.07121913752564228,0.0511339157819747,2242.735732784037,1902.927288422819
3.99999999999999,16.606263054741753,-1.2104284763336182,0.2186098224921416,1.454626797762784,2.509171038866043,0.7397136988469838,0.0,0.0,0.0,0.0,-0.072889877291688,0.0553098879754543,2239.74365682387,1900.3885573051014
4.02499999999999,16.60546938578288,-1.2387752532958984,0.2200468142820779,1.4613550544507576,2.505610501766205,0.7397150637170424,0.0,0.0,0.0,0.0,-0.07460043582727639,0.0596904009580612,2236.565439691309,1897.6918882229288
4.04999999999999,16.604638629489475,-1.2678280141618516,0.221595708772068,1.4685464015151515,2.5018592476844788,0.7397165617451557,0.0,0.0,0.0,0.0,-0.07635384560012146,0.0642598494887352,2233.2169842036046,1894.8507744757853
4.07499999999999,16.603775024414062,-1.297638151380751,0.2232608335988832,1.4761350319602273,2.497953200340272,0.7397181596418096,0.0,0.0,0.0,0.0,-0.07815320006882252,0.0689882412552833,2229.730356697177,1891.892423864271
4.099999999999991,16.602874332004124,-1.3282582494947646,0.2250460503461042,1.4840679376775567,2.493914556503296,0.7397204233287362,0.0,0.0,0.0,0.0,-0.08000170470087702,0.0738560184836387,2226.125370518106,1888.833647712332
4.124999999999991,16.6019344329834,-1.3597418202294245,0.226954737899364,1.4922897431344697,2.489751785993576,0.7397217881987949,0.0,0.0,0.0,0.0,-0.08190261356098347,0.0788561850786209,2222.409586022135,1885.6808608672657
4.149999999999992,16.600948969523113,-1.3921433024936252,0.2289899089596457,1.5007587964607008,2.4854838728904727,0.7397242516228032,0.0,0.0,0.0,0.0,-0.08385926039826966,0.0839726626873016,2218.5999488342004,1882.4484414350788
4.174999999999992,16.599911583794487,-1.4255177974700928,0.2311542599775531,1.5094381436434658,2.481125420331955,0.73972578294043,0.0,0.0,0.0,0.0,-0.08587502350685661,0.0891911312937736,2214.7094940504094,1879.1474494973165
4.199999999999992,16.59881379869249,-1.4599210686153836,0.2334502210875808,1.518297452059659,2.476693367958069,0.7397279134693021,0.0,0.0,0.0,0.0,-0.08795333728789605,0.0944993421435356,2210.7533423822438,1875.79071474857
4.2249999999999925,16.59764289855957,-1.495409409205119,0.2358799893976283,1.5273244037050189,2.472191220521927,0.739730676498933,0.0,0.0,0.0,0.0,-0.09009769750708989,0.0998972281813621,2206.7346222527694,1872.38089160841
4.249999999999993,16.596392525566948,-1.5320375230577257,0.2384430988545046,1.5367683549360796,2.4679770469665527,0.7397325407116961,0.0,0.0,0.0,0.0,-0.09231147797315609,0.1050063446164131,2202.972954218505,1869.189173276307
4.274999999999993,16.595054202609592,-1.569847133424547,0.2411293628670403,1.5464778275923294,2.464019012451172,0.7397350041357044,0.0,0.0,0.0,0.0,-0.09459728870169563,0.1099087372422218,2199.4399217699397,1866.1914487744941
4.299999999999994,16.593616273668076,-1.6088880432976618,0.2439391975541556,1.5563769161339962,2.4599727749824525,0.7397375674282536,0.0,0.0,0.0,0.0,-0.09695825290661682,0.1148952320218086,2195.828157340894,1863.1269213801522
4.324999999999994,16.592066023084854,-1.649213367038303,0.2468745669971546,1.566428407611269,2.4558722138404847,0.739740297168371,0.0,0.0,0.0,0.0,-0.09939771001053885,0.1199471354484558,2192.1679023543343,1860.0212504824651
4.349999999999994,16.590473386976456,-1.6908993985917833,0.2499733380177867,1.5869006717566287,2.4489785104990007,0.7397444250680606,0.0,0.0,0.0,0.0,-0.10191990060507505,0.1293409466743469,2186.0144245355837,1854.8001177877677
4.374999999999995,16.58916685316298,-1.7341803179846869,0.2534042385158654,1.6233692885890152,2.435235643386841,0.7397520816561945,0.0,0.0,0.0,0.0,-0.1045369145620498,0.1461488455533981,2173.747225941205,1844.3915856470828
4.399999999999995,16.58844100104438,-1.7793847454918756,0.2573190853182819,1.6703424257220645,2.416071507334709,0.7397640658810999,0.0,0.0,0.0,0.0,-0.10726654454025238,0.1675032973289489,2156.640878268441,1829.8771088338285
4.424999999999995,16.588436762491863,-1.8268402417500813,0.261791148644527,1.7211988414417614,2.393814280629158,0.7397777811607138,0.0,0.0,0.0,0.0,-0.11012732953117996,0.1903326362371444,2136.7735668894697,1813.0199961486408
4.449999999999996,16.589160495334202,-1.8768407238854303,0.2668353089071916,1.771928193063447,2.3701552987098697,0.7397922953886548,0.0,0.0,0.0,0.0,-0.11313657037758497,0.2131586223840713,2115.6550166352854,1795.1012262359995
4.474999999999996,16.59054226345486,-1.9296507040659587,0.2724458070204183,1.8207382294625947,2.3460439115762712,0.7398066431690276,0.0,0.0,0.0,0.0,-0.1163102853073425,0.2355886697769165,2094.1326391037373,1776.8398149971104
4.4999999999999964,16.592477162679035,-1.9854972097608776,0.2785970433482288,1.8673406797466856,2.323226070404053,0.7398195595003144,0.0,0.0,0.0,0.0,-0.11966249465310685,0.2563031911849975,2073.7649103852573,1759.55810578143
4.524999999999997,16.59482744004991,-2.0445654127332897,0.2852498860673558,1.9099303459398673,2.3019098699092866,0.7398317434623015,0.0,0.0,0.0,0.0,-0.12320498180047001,0.2756529450416565,2054.737580599355,1743.4137047509676
4.549999999999997,16.59742037455241,-2.107015583250257,0.292365186709775,1.9480068137428976,2.282662495970726,0.7398418634744438,0.0,0.0,0.0,0.0,-0.12694837725992572,0.293259859085083,2037.5569328787876,1728.8361854729103
4.5749999999999975,16.600073708428276,-2.172976997163561,0.2998960403507874,1.9814467181581439,2.265853846073151,0.7398508183536092,0.0,0.0,0.0,0.0,-0.13090164750655808,0.3088354766368866,2022.5531462079193,1716.1056998127797
4.599999999999998,16.602597766452366,-2.242547141181098,0.3077870865292331,2.0100745738636365,2.251832643151284,0.7398592073110429,0.0,0.0,0.0,0.0,-0.13507206358467866,0.3220323622226715,2010.0374986817612,1705.4863625178575
4.624999999999998,16.60480605231391,-2.315781911214193,0.3159722122710507,2.0346305708451706,2.2415237039327622,0.7398664644250135,0.0,0.0,0.0,0.0,-0.13946455646143993,0.3323113322257995,2000.8355029367035,1697.678608552354
4.649999999999999,16.606517367892796,-2.392701043023004,0.3243808770968669,2.054598684599905,2.2342424333095554,0.7398727894326024,0.0,0.0,0.0,0.0,-0.14408204863285037,0.339944988489151,1994.3360736673,1692.1639412934662
4.674999999999999,16.607545216878254,-2.4733063909742565,0.3329482663236519,2.070275545987216,2.2297776699066163,0.7398782156233235,0.0,0.0,0.0,0.0,-0.14892666909379446,0.3451643288135528,1990.3507233838568,1688.78243196206
4.699999999999999,16.607723236083984,-2.5575852394104004,0.3416214829142538,2.081828835227273,2.2280336171388626,0.7398832423398809,0.0,0.0,0.0,0.0,-0.15399975078182154,0.347881555557251,1988.7939418559192,1687.461526423204
4.725,16.60681936475966,-2.645448843638102,0.3502981283247592,2.085184807054924,2.2317876458168038,0.7398856058953484,0.0,0.0,0.0,0.0,-0.15929894735001762,0.345393568277359,1992.144874011885,1690.3047415858414
4.75,16.604558096991646,-2.7367242177327475,0.358854132537884,2.080642607717803,2.2408195406198503,0.7398843741833442,0.0,0.0,0.0,0.0,-0.16481764836780435,0.3384857773780823,2000.2069506024732,1697.14529142028
4.775,16.600698894924587,-2.8312126795450845,0.3671999800514879,2.070174264618845,2.253660371899605,0.7398817776012814,0.0,0.0,0.0,0.0,-0.1705478002742815,0.3288775086402893,2011.6689713103851,1706.8706423239628
4.800000000000001,16.595066918267143,-2.9287272029452853,0.3752893651521172,2.0562413810961173,2.2684751093387607,0.7398770504903465,0.0,0.0,0.0,0.0,-0.1764817953051739,0.3182107508182525,2024.892945958943,1718.090984450012
4.825000000000001,16.587553024291992,-3.02911016676161,0.383111868222007,2.0411772017045453,2.283583953976631,0.7398731556172523,0.0,0.0,0.0,0.0,-0.18261344288247736,0.3076924383640289,2038.3794474430752,1729.5340766183663
4.850000000000001,16.57810952928331,-3.132240507337782,0.390681570725421,2.0268694513494316,2.29775060415268,0.739870326008594,0.0,0.0,0.0,0.0,-0.18893834075622687,0.2980713546276092,2051.02492452645,1740.2635723254723
4.875000000000002,16.566732194688583,-3.238028685251872,0.3980259365111006,2.014597315932765,2.31022372841835,0.7398689611385354,0.0,0.0,0.0,0.0,-0.19545367470176211,0.2897033095359802,2062.1587215144127,1749.7104303758651
4.900000000000002,16.55344115363227,-3.3464108573065863,0.4051780886451038,2.0050679894649623,2.320682787895203,0.7398691608756172,0.0,0.0,0.0,0.0,-0.20215801815758977,0.2826941013336181,2071.4947180474396,1757.6318819796454
4.9250000000000025,16.538267135620117,-3.4573406643337674,0.41217171611522,1.998531309185606,2.3290947794914247,0.7398705923247031,0.0,0.0,0.0,0.0,-0.20905096259373798,0.2770161926746368,2079.0034548083295,1764.0029313525215
4.950000000000003,16.52123769124349,-3.5707831382751465,0.4190395758028572,1.994968964547822,2.335637423396111,0.739872822722116,0.0,0.0,0.0,0.0,-0.2161329075343863,0.2726183831691742,2084.8435689166927,1768.9581796868904
4.975000000000003,16.502375072903103,-3.68671178817749,0.4258126935347149,1.994196074514678,2.3405341476202013,0.7398755191727198,0.0,0.0,0.0,0.0,-0.22340492031544418,0.2694277763366699,2089.2144973429504,1772.666846230382
5.000000000000004,16.48168987698025,-3.805105686187744,0.4325204306618111,1.9959909889914773,2.3439969897270205,0.7398779493072144,0.0,0.0,0.0,0.0,-0.2308686618052608,0.2673749029636383,2092.305509682562,1775.289523367022
5.025000000000004,16.459185282389324,-3.925950527191162,0.4391903509014281,2.0001556581439393,2.3461846858263016,0.7398811451005225,0.0,0.0,0.0,0.0,-0.23852641912912748,0.2663910388946533,2094.258297430199,1776.9464341831988
5.050000000000004,16.434852812025284,-4.049239688449436,0.4458483867846807,2.0065426358309657,2.347184854745865,0.7398841744462624,0.0,0.0,0.0,0.0,-0.24638125663569263,0.2664152383804321,2095.151071162498,1777.7039391681797
5.075000000000005,16.408681869506836,-4.17497369978163,0.4525191059726249,2.0150578169389206,2.347024950385094,0.7398880693193567,0.0,0.0,0.0,0.0,-0.2544368726862951,0.2673993706703186,2095.008336860137,1777.5828312752676
5.100000000000005,16.380652321709526,-4.303161833021376,0.4592258444143123,2.0256072813091857,2.3457103759050373,0.7398915314287738,0.0,0.0,0.0,0.0,-0.2626978308622258,0.2692846059799194,2093.834917508677,1776.5872027346345
5.125000000000005,16.351404190063477,-4.433411757151286,0.4658287528630002,2.028169426195549,2.336220234632492,0.7098869937178824,0.0,0.0,0.0,0.0,-0.27113339659510155,0.2613474130630493,2085.363799602282,1769.39958754133
5.150000000000006,16.320949130588108,-4.566693305969238,0.4722990025998886,2.0363548325047347,2.326997622847557,0.67845060744691,0.0,0.0,0.0,0.0,-0.27980562094948963,0.2565788328647613,2077.131484656549,1762.4145930419202
5.175000000000006,16.289550993177627,-4.702443016899957,0.4786713811667166,2.049519264914773,2.318564310669899,0.6470075799179691,0.0,0.0,0.0,0.0,-0.28867849205109636,0.253414124250412,2069.603716655344,1756.0273959499889
5.200000000000006,16.257189644707573,-4.840607643127441,0.4849751167564478,2.0649605675899623,2.3095172286033634,0.6155831945166589,0.0,0.0,0.0,0.0,-0.2977518100555142,0.2508900165557861,2061.5280835648055,1749.1753436307438
5.225000000000007,16.22382164001465,-4.981167051527235,0.4912115742391408,2.0812612452651513,2.2988256871700288,0.5841737061726961,0.0,0.0,0.0,0.0,-0.3070279717105382,0.2478619962930679,2051.9845683017716,1741.0778155287755
5.250000000000007,16.189392937554253,-5.1241164737277565,0.4973570181915804,2.097914003314394,2.285820570588112,0.5528218752663338,0.0,0.0,0.0,0.0,-0.31651072362580274,0.2435039579868316,2040.3759027626675,1731.2280387077176
5.275000000000008,16.1538569132487,-5.269450611538357,0.5033721336981744,2.1149020848129734,2.2700789719820023,0.521525521334429,0.0,0.0,0.0,0.0,-0.3262038682054055,0.2374000400304794,2026.3245905642627,1719.305713206041
5.300000000000008,16.117172241210938,-5.417153570387098,0.5092115138623365,2.132438779888731,2.251352491974831,0.4902844446399002,0.0,0.0,0.0,0.0,-0.336110670613525,0.2294440120458603,2009.6089047217959,1705.1227070366751
5.325000000000008,16.079307132297092,-5.567195680406359,0.5148295520503996,2.150808142459754,2.2294999182224275,0.4591205496827132,0.0,0.0,0.0,0.0,-0.3462335556252932,0.2197140753269195,1990.1027958559212,1688.5720692110845
5.3500000000000085,16.040238274468315,-5.719533496432835,0.5201832715002722,2.1702611934777463,2.2044096827507023,0.4280266292831682,0.0,0.0,0.0,0.0,-0.35657409812526114,0.2083129733800888,1967.7066758323892,1669.5693007062694
5.375000000000009,15.99994871351454,-5.874105559455024,0.525230794003813,2.1907091175426134,2.176224020123482,0.3970165485236901,0.0,0.0,0.0,0.0,-0.3671327742752946,0.1951818019151687,1942.5475064872721,1648.2221267164732
5.400000000000009,15.958421495225696,-6.030827628241645,0.5299266127958953,2.211694298946496,2.145325094461441,0.3660658895460345,0.0,0.0,0.0,0.0,-0.3779087818958721,0.1801606714725494,1914.9664162856636,1624.819989575714
5.42500000000001,15.915632247924805,-6.189586321512858,0.5342225246607885,2.2328272224195076,2.112079882621765,0.335186420193268,0.0,0.0,0.0,0.0,-0.388899807754725,0.1631862670183181,1885.2909771927068,1599.6408291332057
5.45000000000001,15.871558719211157,-6.3502433564927845,0.5380697604610305,2.2538558682528405,2.07672875225544,0.3043885767279125,0.0,0.0,0.0,0.0,-0.40010206110420404,0.1442722529172897,1853.7357468903067,1572.866694331169
5.47500000000001,15.826187133789062,-6.512635548909505,0.5414203832970002,2.2747338127367422,2.0393060207366944,0.2736742400074878,0.0,0.0,0.0,0.0,-0.4115100809723755,0.1234949231147766,1820.3313578543118,1544.5235763612338
5.500000000000011,15.779510074191624,-6.676580641004774,0.5442261233739395,2.294368008700284,2.0008267521858216,0.2430476877344948,0.0,0.0,0.0,0.0,-0.42311710627345395,0.10044676810503,1785.983879615049,1515.3802614915564
5.525000000000011,15.73145866394043,-6.8417983584933815,0.5464169728446931,2.3087328731652463,1.965395012497902,0.2125004726948509,0.0,0.0,0.0,0.0,-0.4349118860907741,0.0743478909134864,1754.3566955821439,1488.5450750393943
5.550000000000011,15.681926939222548,-7.007912000020345,0.5479239891265417,2.3169751716382576,1.934371230006218,0.182029540575681,0.0,0.0,0.0,0.0,-0.44687824571434787,0.0459145158529281,1726.664155308829,1465.0483742014305
5.575000000000012,15.630841785007052,-7.174519432915582,0.5487023312446311,2.320661214192708,1.9065553188323976,0.1516255703131698,0.0,0.0,0.0,0.0,-0.4589976363139514,0.01621575653553,1701.8350345971155,1443.9812414763403
5.600000000000012,15.578208499484592,-7.341256141662598,0.5487292291716408,2.3221287212949804,1.8796624720096589,0.1212844839418981,0.0,0.0,0.0,0.0,-0.4712516296020485,-0.0141639299690723,1677.8298623102612,1423.6132165056758
5.625000000000012,15.524109734429253,-7.507810062832302,0.5479892365732487,2.3236098780776517,1.851237171888352,0.0909950129615035,0.0,0.0,0.0,0.0,-0.4836225839206443,-0.0451329573988914,1652.4567870380454,1402.0845465777354
5.650000000000013,15.468694898817274,-7.673933770921495,0.546466840536105,2.327348262902462,1.818608504533768,0.0607500812697458,0.0,0.0,0.0,0.0,-0.4960944553575906,-0.076819360256195,1623.3316897026832,1377.372342778034
5.675000000000013,15.412176979912651,-7.8394349416097,0.5441381058999124,2.3348019871567236,1.7800462901592256,0.0305346326437905,0.0,0.0,0.0,0.0,-0.50865201923305,-0.1097247675061225,1588.9101721175382,1348.1662066451838
5.7000000000000135,15.354795455932615,-8.004145622253418,0.5409664807787098,2.3462601355350374,1.734953844547272,0.0003373955924203,0.0,0.0,0.0,0.0,-0.5212798597822327,-0.1443163454532623,1548.6596202557207,1314.014223247278
5.725000000000014,15.296802520751951,-8.167894151475695,0.5369056261695296,2.3613617498224433,1.6834617197513582,-0.0298580243196395,0.0,0.0,0.0,0.0,-0.5339608810661551,-0.1808980703353881,1502.6965678764172,1275.0152697133235
5.750000000000014,15.238450368245443,-8.330489794413248,0.5319038101681973,2.379462335759943,1.62604378759861,-0.060066131567543,0.0,0.0,0.0,0.0,-0.546675652254818,-0.2196092009544372,1451.4440038482676,1231.5282456894388
5.775000000000015,15.179994371202255,-8.491716384887695,0.5259069373150705,2.3998949085582386,1.56323861181736,-0.0903008808293203,0.0,0.0,0.0,0.0,-0.5594018138107617,-0.2605050802230835,1395.3826625156598,1183.961046982984
5.800000000000015,15.121690962049696,-8.65133179558648,0.5188599467546119,2.422073382753314,1.4955922037363054,-0.1205758292593956,0.0,0.0,0.0,0.0,-0.5721140457967552,-0.3036302030086517,1334.9999261219973,1132.7272100429068
5.825000000000015,15.063808229234484,-8.809067408243815,0.5107062463136571,2.445429724491004,1.423628816008568,-0.1509033127031619,0.0,0.0,0.0,0.0,-0.5847835603182978,-0.3490529358386993,1270.763754617484,1078.223791796653
5.850000000000016,15.006637573242188,-8.964656194051107,0.5013886778973106,2.4720530007102273,1.3442392945289612,-0.181290738077401,0.0,0.0,0.0,0.0,-0.5973794029673691,-0.3967425525188446,1199.8988456901957,1018.0959902825902
5.875000000000016,14.95054774814182,-9.117937088012695,0.4908467211698,2.5042300692471584,1.2535632997751236,-0.211742570338128,0.0,0.0,0.0,0.0,-0.6098731124514116,-0.4471056163311004,1118.959371684516,949.4200729444378
5.900000000000016,14.895915985107422,-9.268747965494793,0.4790082710446116,2.5400009987571015,1.1534265160560608,-0.2422676728183458,0.0,0.0,0.0,0.0,-0.6222341730955964,-0.5004494786262512,1029.574980315615,873.5787711768853
5.925000000000017,14.843085606892904,-9.416835572984484,0.4658032863850764,2.576318877249053,1.0476827114820482,-0.2728747340811108,0.0,0.0,0.0,0.0,-0.634425740198618,-0.5562886595726013,935.1856334458611,793.4908404995184
5.950000000000017,14.792371326022678,-9.5618290371365,0.4511811338409691,2.6106306966145834,0.9403005808591844,-0.3035690721262247,0.0,0.0,0.0,0.0,-0.6464027184279352,-0.6136502623558044,839.333879143977,712.1620792736773
5.975000000000017,14.744079377916124,-9.703263176812063,0.4351160806182568,2.641487852154356,0.8343151673674584,-0.3343521516922871,0.0,0.0,0.0,0.0,-0.6581125160887114,-0.6715812683105469,744.7288666091493,631.8911595471569
6.000000000000018,14.698529773288303,-9.840613471137154,0.4176028336842731,2.6684302867542615,0.7315744251012802,-0.365220369189448,0.0,0.0,0.0,0.0,-0.6694964478025918,-0.7294255495071411,653.02012207811,554.0776793390023
6.025000000000018,14.656064775254992,-9.973326789008247,0.3986485169949339,2.6916119199810606,0.6329031392931939,-0.396164852962326,0.0,0.0,0.0,0.0,-0.6804914512828173,-0.7868285179138184,564.9438677789246,479.3463120548451
6.0500000000000185,14.61705207824707,-10.100846820407444,0.378266679382285,2.7114405036695075,0.5384471587836743,-0.4271730528642842,0.0,0.0,0.0,0.0,-0.6910317324133646,-0.8435954451560974,480.63029173395194,407.8075202591107
6.075000000000019,14.58187845018175,-10.222621493869358,0.3564769949488793,2.728301299124053,0.4485130399465561,-0.4582610810199174,0.0,0.0,0.0,0.0,-0.7010496986924166,-0.8991519808769226,400.3530331981964,339.69348271362117
6.100000000000019,14.550973044501411,-10.338075425889755,0.333345576668778,2.7423961292613637,0.3661624766886234,-0.489437559413255,0.0,0.0,0.0,0.0,-0.7104731342895556,-0.9502695202827454,326.8450304212385,277.32305611499015
6.12500000000002,14.524766074286568,-10.446668201022678,0.3089540171398786,2.7547025923295454,0.2863569118082523,-0.5206897215158213,0.0,0.0,0.0,0.0,-0.7192314249739682,-1.0006598234176636,255.6087516058908,216.8801528777255
6.15000000000002,14.5036686791314,-10.54793569776747,0.2833394341698738,2.765311982125947,0.2111641678959131,-0.5519953465772708,0.0,0.0,0.0,0.0,-0.7272598355024729,-1.0480833053588867,188.48998265463067,159.930894373626
6.17500000000002,14.488072925143772,-10.64144664340549,0.2565324541112997,2.774325136126894,0.134342891164124,-0.583340170041015,0.0,0.0,0.0,0.0,-0.7344970375554547,-1.098238825798035,119.91754793256645,101.74822248823817
6.200000000000021,14.47816530863444,-10.726982752482096,0.2283090551822101,2.7800867808948864,0.048356260638684,-0.6146796172483086,0.0,0.0,0.0,0.0,-0.7409076028497046,-1.1595232486724854,43.16390806190728,36.62392199192132
6.225000000000021,14.474394056532118,-10.80396016438802,0.1987361160154797,2.7851493696732956,-0.0213690068107098,-0.6460973780364073,0.0,0.0,0.0,0.0,-0.746418822245089,-1.2056432962417605,-19.074465915461452,-16.184395322209717
6.250000000000021,14.47731441921658,-10.871718724568684,0.1680502418292052,2.78877959280303,-0.0863370921462774,-0.677528221603361,0.0,0.0,0.0,0.0,-0.7509485813292844,-1.2484525442123413,-77.06646995680008,-65.38973208455762
6.275000000000022,14.48731846279568,-10.929766760932075,0.1363402823352544,2.791169581557765,-0.146956424601376,-0.7089453665354577,0.0,0.0,0.0,0.0,-0.7544368399852869,-1.2880877256393433,-131.17667736958893,-111.30142322268149
6.300000000000022,14.504737854003906,-10.977683597140842,0.1036693045171916,2.792716767282197,-0.2044241078197956,-0.7403585167259192,0.0,0.0,0.0,0.0,-0.7568343328666605,-1.3250532150268557,-182.47365034078476,-154.82612756187794
6.325000000000022,14.530669318305122,-11.015042199028862,0.0707932133609223,2.7908615204782197,-0.2116605103015899,-0.7416326395704403,0.0,0.0,0.0,0.0,-0.7580547019367221,-1.308774471282959,-188.9330292774028,-160.30681272022053
6.350000000000023,14.565387301974829,-11.040189531114368,0.0382194492450258,2.793285245028409,-0.2152693472802639,-0.7415748489747856,0.0,0.0,0.0,0.0,-0.7579743196816674,-1.297513127326965,-192.15435999033394,-163.0400630221015
6.375000000000023,14.609203338623049,-11.05367766486274,0.0058999868446102,2.8001047585227274,-0.2211171921342611,-0.7415398284064512,0.0,0.0,0.0,0.0,-0.7566242599717675,-1.2883340120315552,-197.37428051984455,-167.46908650168626
6.400000000000024,14.662098354763454,-11.055578655666777,-0.0262091607310947,2.8079367897727274,-0.2288891099393367,-0.7415030102043808,0.0,0.0,0.0,0.0,-0.754024314130659,-1.2805927991867063,-204.3116727245391,-173.35535867536646
6.425000000000024,14.72399393717448,-11.045913696289062,-0.0581377262192436,2.81516083688447,-0.2378709707409143,-0.7414671906877192,0.0,0.0,0.0,0.0,-0.7501981964554355,-1.2738250494003296,-212.3290878170948,-180.15801390541375
6.450000000000024,14.79477882385254,-11.024661593967014,-0.0899060380693917,2.8212369791666667,-0.2474884513765573,-0.7414317373557076,0.0,0.0,0.0,0.0,-0.745172450715705,-1.267736315727234,-220.91387176153356,-187.44207300978601
6.4750000000000245,14.874319500393336,-10.991759830051,-0.1215288456166697,2.8262167080965908,-0.2574557136744261,-0.7413986808686769,0.0,0.0,0.0,0.0,-0.73897564387805,-1.2621665000915527,-229.81087884545087,-194.99104871735221
6.500000000000025,14.96246655782064,-10.94712045457628,-0.1530180956352802,2.8303898111979167,-0.2677290212363005,-0.7413670558307323,0.0,0.0,0.0,0.0,-0.7316387583739926,-1.2570499181747437,-238.98106895600924,-202.7718160838866
6.525000000000025,15.059050454033745,-10.89063220553928,-0.1843851731388834,2.8340682705965907,-0.2784144658595324,-0.7413359967145192,0.0,0.0,0.0,0.0,-0.7231951469172544,-1.2523950338363647,-248.51914206641868,-210.86472660180976
6.550000000000026,15.16388257344564,-10.822163687811958,-0.2156418626153027,2.837501701586174,-0.2897015780210495,-0.7413055368095514,0.0,0.0,0.0,0.0,-0.7136802619906383,-1.2482211589813232,-258.5942774302647,-219.41332630446698
6.575000000000026,15.276749928792318,-10.741568671332466,-0.2468003646712822,2.840851384943182,-0.3018037460744381,-0.7412738451925794,0.0,0.0,0.0,0.0,-0.7031317997218552,-1.244542956352234,-269.396950389396,-228.57923063342687
6.600000000000026,15.397414101494682,-10.648682912190756,-0.2778733626115134,2.844198183001894,-0.3149613559246063,-0.7412400230467354,0.0,0.0,0.0,0.0,-0.691589044887547,-1.2413852214813232,-281.14173491958707,-238.54450235601323
6.625000000000027,15.52560912238227,-10.543327331542969,-0.3088740557281489,2.847562366832386,-0.3293966308236122,-0.7412055684001325,0.0,0.0,0.0,0.0,-0.6790926686633719,-1.2387570142745972,-294.0269925958309,-249.47744826312922
6.650000000000027,15.661037233140734,-10.425309075249563,-0.3398152271944212,2.850923517400568,-0.345188245177269,-0.7411700817786072,0.0,0.0,0.0,0.0,-0.6656844575522937,-1.2366033792495728,-308.1229499983983,-261.4376545440955
6.675000000000027,15.803380542331272,-10.294415156046549,-0.3707068638644179,2.8542410185842804,-0.3621712930500507,-0.7411324646282099,0.0,0.0,0.0,0.0,-0.6514058892951232,-1.2347639799118042,-323.28240830451244,-274.30022522807116
6.700000000000028,15.95229148864746,-10.150410334269203,-0.4015543586393466,2.8574739583333333,-0.3801109194755554,-0.7410942815560808,0.0,0.0,0.0,0.0,-0.6362979476329655,-1.233038306236267,-339.2957305810491,-287.88728655361734
6.725000000000028,16.107398139105904,-9.99304453531901,-0.4323572121765028,2.860943122632576,-0.3993693917989731,-0.7410556324307611,0.0,0.0,0.0,0.0,-0.6204009144752977,-1.2309105396270752,-356.48628497465717,-302.4732114936484
6.750000000000028,16.268320083618164,-9.822101593017578,-0.4630790390374934,2.8656884025804925,-0.4217179976403714,-0.7410185479125817,0.0,0.0,0.0,0.0,-0.6037563523788922,-1.2262989282608032,-376.43516346751187,-319.3995326391009
6.775000000000029,16.434668434990776,-9.63736957973904,-0.4936410429435656,2.8718337920217802,-0.444615937024355,-0.7409854581360374,0.0,0.0,0.0,0.0,-0.5864048683343243,-1.2180677652359009,-396.8743896881333,-336.74190640205245
6.800000000000029,16.606014039781357,-9.438624911838108,-0.5239597337945455,2.878701171875,-0.4681141383945942,-0.7409550980996106,0.0,0.0,0.0,0.0,-0.5683859407336971,-1.2070266008377075,-417.8494235341911,-354.5389048168893
6.8250000000000295,16.781844033135307,-9.225677914089626,-0.5539778203374827,2.88564453125,-0.4922944523394108,-0.7409242720099929,0.0,0.0,0.0,0.0,-0.5497416074105902,-1.1942137479782104,-439.4333267193594,-372.8525196406685
6.85000000000003,16.961578792995876,-8.998361163669163,-0.583664509772273,2.8922403971354167,-0.5175381302833557,-0.740891681576153,0.0,0.0,0.0,0.0,-0.5305143626951137,-1.1806751489639282,-461.96641301522493,-391.971501952312
6.87500000000003,17.14458253648546,-8.756528430514866,-0.6130122786688372,2.8983388819839013,-0.544151582568884,-0.7408543640313784,0.0,0.0,0.0,0.0,-0.5107460862275335,-1.1672046184539795,-485.7221913258317,-412.1279199128268
6.900000000000031,17.3301813337538,-8.50004408094618,-0.6420291497999591,2.903954856178977,-0.5722022026777268,-0.7408132181925366,0.0,0.0,0.0,0.0,-0.49047634974198107,-1.1542469263076782,-510.76081861970863,-433.3728157985406
6.925000000000031,17.517672644721138,-8.228776190016005,-0.670729770551634,2.909130341500947,-0.6015062101185322,-0.7407668459000556,0.0,0.0,0.0,0.0,-0.4697414066871323,-1.1419036388397217,-536.9182482123621,-455.5669984832162
6.950000000000031,17.70633273654514,-7.942590713500977,-0.6991283222566668,2.913856016216856,-0.6317198470234872,-0.7407189422899478,0.0,0.0,0.0,0.0,-0.44857344723381354,-1.1300431489944458,-563.887633941457,-478.45011364729675
6.975000000000032,17.895416683620876,-7.641356256273058,-0.727234259136927,2.9180457652698863,-0.6624532461166383,-0.7406687749929134,0.0,0.0,0.0,0.0,-0.4270007450157311,-1.118468999862671,-591.3209713287041,-501.72688476374884
7.000000000000032,18.08415306939019,-7.324943012661404,-0.7550537730419492,2.921558283025568,-0.693443076312542,-0.7406186409853927,0.0,0.0,0.0,0.0,-0.40504761182650206,-1.1071316003799438,-618.9832050035724,-525.1978709121219
7.025000000000032,18.271745045979817,-6.993236011928982,-0.7825927229261316,2.9243059008049244,-0.7246721789240838,-0.7405671421078133,0.0,0.0,0.0,0.0,-0.3827349820354267,-1.0960290431976318,-646.859018728137,-548.8500764966011
7.050000000000033,18.45736821492513,-6.646140946282281,-0.8098551701101365,2.9263076319839016,-0.756246791779995,-0.7405167417841836,0.0,0.0,0.0,0.0,-0.3600806392813917,-1.0849720239639282,-675.0432428265693,-572.7639636104224
7.075000000000033,18.640166388617622,-6.283587349785699,-0.836845908283926,2.9273279918323865,-0.788291771709919,-0.7404657422493085,0.0,0.0,0.0,0.0,-0.3370993165395074,-1.0744259357452393,-703.6473273705752,-597.0340959507911
7.100000000000033,18.81924311319987,-5.905535486009386,-0.8635853772088666,2.927197117660985,-0.8214668154716492,-0.7404147427144335,0.0,0.0,0.0,0.0,-0.313803028659916,-1.0648865699768066,-733.2601328267426,-622.1601127014785
7.125000000000034,18.993661668565537,-5.5119811164008246,-0.8901015400764041,2.9257151100852274,-0.8564408197999002,-0.7403614462031183,0.0,0.0,0.0,0.0,-0.29020107931706185,-1.056649923324585,-764.4787317722061,-648.6486208976293
7.150000000000034,19.16244506835937,-5.102954440646702,-0.9164316145627722,2.9225724283854166,-0.8939571574330331,-0.7403077502176396,0.0,0.0,0.0,0.0,-0.26629975571711323,-1.050051212310791,-797.9666757742401,-677.0626339902643
7.1750000000000345,19.324573940700954,-4.678523275587294,-0.9426196094049848,2.9171446644176138,-0.9349069848656656,-0.7402521900193978,0.0,0.0,0.0,0.0,-0.24210227298897907,-1.045368790626526,-834.5194315727131,-708.0770934556351
7.200000000000035,19.47895685831706,-4.238796499040392,-0.9687228491455052,2.908363739938447,-0.9806611716747284,-0.7401925019214664,0.0,0.0,0.0,0.0,-0.21760900903841393,-1.043326497077942,-875.3606688145732,-742.7302644487287
7.225000000000035,19.62444517347548,-3.783932526906332,-0.9948027196474606,2.8954713393702654,-1.032305607199669,-0.7401300175043904,0.0,0.0,0.0,0.0,-0.19281729972273146,-1.0432673692703247,-921.459677246262,-781.8445746331919
7.2500000000000355,19.75986056857639,-3.3141292466057672,-1.020888981736032,2.8777269028172348,-1.0896783426404,-0.7400649365052516,0.0,0.0,0.0,0.0,-0.16772027490295877,-1.043650507926941,-972.6718976519636,-825.2973677046963
7.275000000000036,19.88399929470486,-2.829596996307373,-1.0469819683063557,2.8541888612689394,-1.1491621807217598,-0.739999389452922,0.0,0.0,0.0,0.0,-0.14230522513953714,-1.0446035861968994,-1025.7685367262266,-870.349061464677
7.300000000000036,19.99564488728841,-2.330489688449436,-1.073094063057501,2.8241120679450757,-1.210624086856842,-0.73993583977141,0.0,0.0,0.0,0.0,-0.11654986381214293,-1.0434973239898682,-1080.6308447435256,-916.8988985702639
7.325000000000037,20.09356180826823,-1.8171355459425185,-1.0990995647860158,2.7862844756155303,-1.276657870411873,-0.7398751196985562,0.0,0.0,0.0,0.0,-0.09043372017771342,-1.035958766937256,-1139.5741154742047,-966.9113707053856
7.350000000000037,20.17646789550781,-1.2900212075975206,-1.1248068590514688,2.738572295217803,-1.3512185722589494,-0.7398165634440881,0.0,0.0,0.0,0.0,-0.06393691969666987,-1.0170166492462158,-1206.1287091721279,-1023.3819350551386
7.375000000000037,20.2430174085829,-0.7503969801796807,-1.1495613408579188,2.6750027003432764,-1.4735537320375445,-0.7397591057435696,0.0,0.0,0.0,0.0,-0.03706942325018787,-0.9529327750205994,-1315.3278804826934,-1116.035777379255
7.400000000000038,20.291659037272137,-0.2009838322798411,-1.1719614551026845,2.5817213023792616,-1.639268681406975,-0.7397005827786152,0.0,0.0,0.0,0.0,-0.009904751105400986,-0.8436999917030334,-1463.2488475837672,-1241.5444767377417
7.425000000000038,20.32077365451389,0.356052021185557,-1.1914275647745096,2.445381340258049,-1.824242249131203,-0.7396443567901009,0.0,0.0,0.0,0.0,0.01752157802842642,-0.7029569149017334,-1628.36049942941,-1381.6392116370748
7.450000000000038,20.328316158718533,0.9172194533877902,-1.2065403381704367,2.228041104403409,-2.059440389275551,-0.7395916262005172,0.0,0.0,0.0,0.0,0.04512028670876449,-0.4957852959632873,-1838.3037573123565,-1559.7728849923024
7.475000000000039,20.311893886990017,1.4785043398539226,-1.2160052126845784,1.9153602183948863,-2.2935869574546817,-0.7395434895638141,0.0,0.0,0.0,0.0,0.07279007797499967,-0.2650322318077087,-2047.308357924712,-1737.1101218755127
7.500000000000039,20.27006573147244,2.037201987372504,-1.2202514898846553,1.5701201097892992,-2.467050623893738,-0.7395025434620541,0.0,0.0,0.0,0.0,0.10050297884379476,-0.0865973979234695,-2202.146007721542,-1868.487521703126
7.525000000000039,20.203124152289497,2.5919991069369845,-1.2209428465036398,1.248941483931108,-2.569819623231888,-0.7394678890783695,0.0,0.0,0.0,0.0,0.1282969449377585,0.0200179424136877,-2293.8799751635465,-1946.3224031690693
7.55000000000004,20.11240429348416,3.1424363454182944,-1.2197121997639142,0.9852394797585228,-2.61465038061142,-0.7394335343003074,0.0,0.0,0.0,0.0,0.15624369416819814,0.0713843181729316,-2333.8969381031443,-1980.276189905698
7.57500000000004,19.999665154351128,3.68828190697564,-1.2176284093689815,0.7857499787301728,-2.6267198741436006,-0.73939628333456,0.0,0.0,0.0,0.0,0.18441718291334577,0.0918240770697593,-2344.670445034739,-1989.4173473022022
7.60000000000004,19.86651102701823,4.229179223378499,-1.2152418175581072,0.638389567750873,-2.625225389003754,-0.7393574011826448,0.0,0.0,0.0,0.0,0.21287981657306929,0.0975720211863517,-2343.336433299253,-1988.2854585569414
7.625000000000041,19.71416473388672,4.764659139845106,-1.212794771990488,0.5249713204123756,-2.619202470779419,-0.7393210823232789,0.0,0.0,0.0,0.0,0.2416870917008786,0.0976520627737045,-2337.960238261301,-1983.7238385247401
7.650000000000041,19.543512132432724,5.294219652811687,-1.2103758227723689,0.4357593455459132,-2.6121313393116,-0.7392907555763656,0.0,0.0,0.0,0.0,0.2708939732498673,0.0956761017441749,-2331.6483840248625,-1978.368325839277
7.675000000000042,19.355345831977,5.817347102695042,-1.2080199904720847,0.36914343747225675,-2.606419759988785,-0.7392690841029951,0.0,0.0,0.0,0.0,0.30055505870033034,0.0926840230822563,-2326.550097235891,-1974.042506745604
7.700000000000042,19.15042241414388,6.333523856268989,-1.2057318024634889,0.3193374425714666,-2.602232748270035,-0.7392577323788486,0.0,0.0,0.0,0.0,0.3307250210622641,0.0906794667243957,-2322.812674480384,-1970.871360165174
7.725000000000042,18.92932679918077,6.842271486918132,-1.20347250975272,0.2784272673635772,-2.5985615193843845,-0.7392567669829534,0.0,0.0,0.0,0.0,0.36146406892897287,0.0902810990810394,-2319.53565131934,-1968.0908556648944
7.750000000000043,18.6925654941135,7.343127462599012,-1.201210287564752,0.24474983908913353,-2.595391470193863,-0.7392627923849198,0.0,0.0,0.0,0.0,0.39283679198082505,0.0907732918858528,-2316.705992656653,-1965.6899331632205
7.775000000000043,18.440621693929035,7.835632430182563,-1.198932086410244,0.21782835064512307,-2.592953622341156,-0.7392753092420431,0.0,0.0,0.0,0.0,0.42491151113208864,0.0914835780858993,-2314.5299137127204,-1963.8435631501868
7.800000000000043,18.173978593614365,8.319338162740072,-1.1966377731311406,0.19733784993489584,-2.5915616512298585,-0.7392916211037198,0.0,0.0,0.0,0.0,0.4577609751154415,0.0920087099075317,-2313.287408351898,-1962.789316177368
7.825000000000044,17.893110911051433,8.793807029724121,-1.194334405104331,0.18287059437144887,-2.591498857736588,-0.7393117612594635,0.0,0.0,0.0,0.0,0.49146328290474894,0.0922052562236785,-2313.231357438643,-1962.7417578267273
7.850000000000044,17.59848912556966,9.258618884616428,-1.1920286402325404,0.17287335020123107,-2.5926402390003207,-0.7393334327328341,0.0,0.0,0.0,0.0,0.526103054560755,0.0922763273119926,-2314.250180550286,-1963.6062138002426
7.875000000000044,17.29052225748698,9.713383780585396,-1.189720478515769,0.164627509839607,-2.5943400442600253,-0.7393578672358355,0.0,0.0,0.0,0.0,0.5617750369789667,0.0923630073666572,-2315.7674657370226,-1964.8936072920187
7.900000000000045,16.969611909654404,10.157733493381077,-1.1874123167989972,0.1585467806729403,-2.596720939874649,-0.7393831006871641,0.0,0.0,0.0,0.0,0.5985837240981396,0.0922720655798912,-2317.892707806142,-1966.6968429870292
7.925000000000045,16.636184056599934,10.591305626763235,-1.18510961456246,0.1559732333096591,-2.600190937519073,-0.7394094659819559,0.0,0.0,0.0,0.0,0.6366427295303598,0.0918784365057945,-2320.990107342845,-1969.3249395636255
7.950000000000045,16.290758980645073,11.01373036702474,-1.1828275518243712,0.16539244680693652,-2.6074247479438784,-0.7394342666696072,0.0,0.0,0.0,0.0,0.6760722677261427,0.0904608368873596,-2327.4471725499047,-1974.8036615574945
7.975000000000046,15.934232076009115,11.424534055921766,-1.1805982196758658,0.20697155576763732,-2.6244587242603306,-0.7394573695920637,0.0,0.0,0.0,0.0,0.7169805235310187,0.0877700448036193,-2342.6520907536888,-1987.7048042758568
8.000000000000046,15.567765765719944,11.82323137919108,-1.1784509128889349,0.28463113033410276,-2.650789934396744,-0.7394893275251446,0.0,0.0,0.0,0.0,0.7594687354061885,0.0839563682675361,-2366.1559332443067,-2007.6474585103206
